"sample","reads_total","reads_assigned_bins","percentage_duplicates","median_bin_count"
"ACCATTTAAGAACTA_merged2_TTCTCC_S001",319125,266194,0.17,19
"ACCATTTACAAGCTC_merged2_TTTCGC_S001",241400,206995,0.14,15
"ACCATTTACCATCCA_merged2_AGGATG_S001",924130,747091,0.19,49
"ACCATTTACTGTTAA_merged2_TTCTCC_S001",176794,147899,0.16,10
"ACCATTTAGAGGCGA_merged2_ACCACT_S001",306939,254055,0.17,17
"ACCATTTAGTAATTT_merged2_TTTCGC_S001",218169,187274,0.14,14
"ACCATTTATAGCCGG_merged2_TTCTCC_S001",335102,279829,0.16,19
"ACCATTTATATGTTG_merged2_TTCTCC_S001",191405,160545,0.16,11
"ACCATTTATCCATAG_merged2_ACCACT_S001",159001,133669,0.16,9
"ATCGCGTTAAATGGA_merged2_TTCTCC_S001",180656,151513,0.16,9
"ATCGCGTTATGGTCA_merged2_CGGTGG_S001",224236,194756,0.13,15
"ATCGCGTTATGGTCA_merged2_TTCTCC_S001",421453,353114,0.16,25
"ATCGCGTTCAAAACG_merged2_AGGATG_S001",1548249,1241846,0.2,92
"ATCGCGTTCAGAGGT_merged2_TTCTCC_S001",266727,223097,0.16,13
"ATCGCGTTCTGCATG_merged2_TTTCGC_S001",379065,323121,0.15,24
"ATCGCGTTGAGGCGA_merged2_TTTCGC_S001",217847,186258,0.15,13
"ATCGCGTTGCCACCT_merged2_AGGATG_S001",1311184,1063421,0.19,81
"ATCGCGTTGCTATTA_merged2_ACCACT_S001",239918,200886,0.16,13
"ATCGCGTTGCTATTA_merged2_TTTCGC_S001",215894,184236,0.15,13
"ATCGCGTTTAGTCTA_merged2_AGGATG_S001",1194977,966587,0.19,75
"ATCGCGTTTATGTTG_merged2_ACCACT_S001",382841,321319,0.16,24
"ATCGCGTTTCCAAGT_merged2_TTCTCC_S001",347506,290215,0.16,20
"ATCGCGTTTCGAGTA_merged2_ACCACT_S001",562686,470302,0.16,35
"ATCGGGACCGGAGAC_merged2_AGGATG_S001",159990,128140,0.2,9
"ATCGGGACGTGGGTT_merged2_AGGATG_S001",355679,290596,0.18,19
"ATCGGGACTCGAGTA_merged2_AGGATG_S001",418120,338008,0.19,23
"ATGCTGCGATAAAAG_merged2_ACCACT_S001",412532,344570,0.16,25
"ATGCTGCGATATCCC_merged2_ACCACT_S001",213105,178621,0.16,10
"ATGCTGCGCAAAACG_merged2_TTCTCC_S001",843202,702228,0.17,56
"ATGCTGCGCAAGCTC_merged2_TTCTCC_S001",356369,295444,0.17,18
"ATGCTGCGCTGCATG_merged2_TTCTCC_S001",224319,186807,0.17,13
"ATGCTGCGGACGGGG_merged2_TTTCGC_S001",160274,137826,0.14,9
"ATGCTGCGGCAGTAG_merged2_TTCTCC_S001",703853,586969,0.17,43
"ATGCTGCGGCCTATA_merged2_CGGTGG_S001",220277,190140,0.14,14
"ATGCTGCGGGCTTGG_merged2_ACCACT_S001",437521,365618,0.16,26
"ATGCTGCGGGGCGAG_merged2_ACCACT_S001",235779,196829,0.17,13
"ATGCTGCGGTAAAGG_merged2_TTTCGC_S001",189034,161763,0.14,11
"ATGCTGCGTATAAGA_merged2_TTCTCC_S001",471149,392174,0.17,28
"ATGCTGCGTCACAGC_merged2_ACCACT_S001",356239,297446,0.17,21
"ATGCTGCGTCACAGC_merged2_AGGATG_S001",867261,701112,0.19,50
"ATGCTGCGTCGAGTA_merged2_ACCACT_S001",717338,596480,0.17,45
"ATGCTGCGTCGAGTA_merged2_TTCTCC_S001",794195,662551,0.17,50
"ATGCTGCGTGCACCG_merged2_TTTCGC_S001",272993,232025,0.15,17
"ATGCTGCGTGCTTAA_merged2_CGGTGG_S001",158852,137120,0.14,10
"ATGCTGCGTGGAATT_merged2_TTCTCC_S001",835338,692580,0.17,52
"CATCAAGGAAATGGA_merged2_ACCACT_S001",829531,692899,0.16,53
"CATCAAGGACGTCGT_merged2_AGGATG_S001",740465,596797,0.19,44
"CATCAAGGACTCGCA_merged2_AGGATG_S001",1568216,1263664,0.19,96
"CATCAAGGCAAAACG_merged2_AGGATG_S001",1066863,863354,0.19,64
"CATCAAGGCCATCCA_merged2_AGGATG_S001",1980709,1607996,0.19,124
"CATCAAGGCCGCTTA_merged2_AGGATG_S001",1080935,876256,0.19,65
"CATCAAGGCTGTTAA_merged2_ACCACT_S001",228168,190661,0.16,12
"CATCAAGGGAGGCGA_merged2_ACCACT_S001",486878,403553,0.17,29
"CATCAAGGGGCTTGG_merged2_AGGATG_S001",1275103,1034738,0.19,80
"CATCAAGGGGGTACA_merged2_TTCTCC_S001",398945,332795,0.17,24
"CATCAAGGTAGCCGG_merged2_AGGATG_S001",2124993,1731259,0.19,131
"CATCAAGGTCACAGC_merged2_CGGTGG_S001",163698,142508,0.13,10
"CATCAAGGTGATGCA_merged2_ACCACT_S001",537638,446075,0.17,31
"CATCAAGGTGCACCG_merged2_AGGATG_S001",793251,638456,0.2,47
"CATCAAGGTGGAATT_merged2_AGGATG_S001",527753,428847,0.19,30
"CATGCCCCAAATGGA_merged2_ACCACT_S001",314587,263569,0.16,19
"CATGCCCCCCTACAG_merged2_CGGTGG_S001",163385,142272,0.13,10
"CATGCCCCGCAGGTC_merged2_AGGATG_S001",605175,492020,0.19,37
"CATGCCCCGCAGGTC_merged2_TTCTCC_S001",322251,271557,0.16,20
"CATGCCCCGCAGTAG_merged2_AGGATG_S001",947250,769515,0.19,57
"CATGCCCCGCCACCT_merged2_AGGATG_S001",2714433,2184033,0.2,163
"CATGCCCCGGCTTGG_merged2_TTCTCC_S001",226883,189853,0.16,13
"CATGCCCCGGGCGAG_merged2_ACCACT_S001",230414,192295,0.17,13
"CATGCCCCGGTAGGA_merged2_CGGTGG_S001",221456,192909,0.13,14
"CATGCCCCGGTCCCA_merged2_CGGTGG_S001",120187,104476,0.13,7
"CATGCCCCTAGCCGG_merged2_AGGATG_S001",634992,517224,0.19,37
"CATGCCCCTCGGTTT_merged2_ACCACT_S001",307331,257606,0.16,18
"CATGCCCCTGATGCA_merged2_AGGATG_S001",756495,616514,0.19,46
"CATTGTGTAAATGGA_merged2_TTTCGC_S001",219574,186728,0.15,14
"CATTGTGTACGTCGT_merged2_TTCTCC_S001",420946,349769,0.17,26
"CATTGTGTAGAACTA_merged2_AGGATG_S001",304862,248024,0.19,18
"CATTGTGTAGTAGCC_merged2_AGGATG_S001",894959,724261,0.19,53
"CATTGTGTATCCGTA_merged2_TTCTCC_S001",186849,156520,0.16,10
"CATTGTGTATGGTCA_merged2_TTCTCC_S001",237814,198113,0.17,14
"CATTGTGTCGGTCTT_merged2_CGGTGG_S001",197709,171467,0.13,12
"CATTGTGTCGGTCTT_merged2_TTTCGC_S001",243550,207536,0.15,15
"CATTGTGTCTGCATG_merged2_AGGATG_S001",816714,662683,0.19,48
"CATTGTGTGGCCAAA_merged2_AGGATG_S001",1804529,1461435,0.19,91
"CATTGTGTGGCCAAA_merged2_TTTCGC_S001",362938,309545,0.15,24
"CATTGTGTGGCTTGG_merged2_ACCACT_S001",319802,268456,0.16,19
"CATTGTGTGGGCGAG_merged2_ACCACT_S001",433958,361774,0.17,24
"CATTGTGTGGGTACA_merged2_CGGTGG_S001",133079,115330,0.13,8
"CATTGTGTTGCACCG_merged2_ACCACT_S001",136474,114773,0.16,7
"CCATGGAAAAATGGA_merged2_TTCTCC_S001",381701,318677,0.17,23
"CCATGGAAAGTAGCC_merged2_TTCTCC_S001",200789,167193,0.17,11
"CCATGGAACAGAGGT_merged2_CGGTGG_S001",126339,109014,0.14,8
"CCATGGAACGGTCTT_merged2_AGGATG_S001",846131,678032,0.2,50
"CCATGGAAGGCTTGG_merged2_AGGATG_S001",1130859,911095,0.19,66
"CCATGGAATATAAGA_merged2_AGGATG_S001",701220,560117,0.2,42
"CCATGGAATCGTATC_merged2_TTTCGC_S001",232062,193362,0.17,14
"CCATGGAATTACTTA_merged2_CGGTGG_S001",184132,157017,0.15,11
"CCGCGCTTATAAAAG_merged2_ACCACT_S001",354627,299425,0.16,23
"CCGCGCTTATCCGTA_merged2_ACCACT_S001",147202,123627,0.16,8
"CCGCGCTTCCATCCA_merged2_TTCTCC_S001",191630,160647,0.16,10
"CCGCGCTTCTGTTAA_merged2_ACCACT_S001",393712,330111,0.16,24
"CCGCGCTTGCTATTA_merged2_AGGATG_S001",972204,787604,0.19,58
"CCGCGCTTGCTTGAT_merged2_ACCACT_S001",292750,245467,0.16,17
"CCGCGCTTGGGCGAG_merged2_TTCTCC_S001",291158,243725,0.16,16
"CCGCGCTTGGTCCCA_merged2_AGGATG_S001",1161759,946529,0.19,69
"CCGCGCTTTCCATAG_merged2_AGGATG_S001",1004595,812239,0.19,60
"CCGCGCTTTCGTATC_merged2_AGGATG_S001",1052639,845119,0.2,62
"CTCGATTAAGAGACT_merged2_AGGATG_S001",1189056,960744,0.19,74
"CTCGATTACAAAACG_merged2_TTCTCC_S001",368454,308852,0.16,23
"CTCGATTACGGAGAC_merged2_ACCACT_S001",339524,283303,0.17,19
"CTCGATTACGGTCTT_merged2_TTCTCC_S001",215825,180269,0.16,13
"CTCGATTAGAGGCGA_merged2_AGGATG_S001",1586548,1286471,0.19,93
"CTCGATTAGCAGGTC_merged2_TTTCGC_S001",189817,162231,0.15,12
"CTCGATTAGCCTATA_merged2_AGGATG_S001",3155262,2538932,0.2,193
"CTCGATTAGGCCAAA_merged2_AGGATG_S001",259169,211007,0.19,15
"CTCGATTAGGCTTGG_merged2_TTCTCC_S001",221031,184888,0.16,13
"CTCGATTAGTCGCAC_merged2_AGGATG_S001",3235821,2620817,0.19,200
"CTCGATTAGTGCCGC_merged2_TTCTCC_S001",260459,217959,0.16,15
"CTCGATTAGTGGGTT_merged2_TTTCGC_S001",202030,172970,0.14,13
"CTCGATTAGTTTCTC_merged2_ACCACT_S001",347390,289898,0.17,20
"CTCGATTATAGTCTA_merged2_AGGATG_S001",2342495,1892917,0.19,144
"CTCGATTATATGTTG_merged2_CGGTGG_S001",133524,116229,0.13,8
"CTCGATTATTACTTA_merged2_TTTCGC_S001",256904,219075,0.15,16
"CTTTCTCTAAATGGA_merged2_AGGATG_S001",2637064,2133102,0.19,157
"CTTTCTCTATGGTCA_merged2_AGGATG_S001",2813083,2257071,0.2,170
"CTTTCTCTCCATCCA_merged2_TTCTCC_S001",200130,167668,0.16,12
"CTTTCTCTCGGTCTT_merged2_AGGATG_S001",909027,736072,0.19,55
"CTTTCTCTGACCTTC_merged2_ACCACT_S001",314127,263376,0.16,19
"CTTTCTCTGCAGGTC_merged2_ACCACT_S001",1098052,913088,0.17,73
"CTTTCTCTGCCTATA_merged2_ACCACT_S001",220162,185848,0.16,13
"CTTTCTCTGGGCGAG_merged2_ACCACT_S001",283832,236548,0.17,16
"CTTTCTCTGTAATTT_merged2_TTCTCC_S001",443790,370003,0.17,27
"CTTTCTCTTATAAGA_merged2_CGGTGG_S001",165909,144132,0.13,10
"CTTTCTCTTCGGTTT_merged2_AGGATG_S001",3585438,2873567,0.2,221
"CTTTCTCTTCGGTTT_merged2_TTCTCC_S001",303977,254150,0.16,18
"CTTTCTCTTGCACCG_merged2_CGGTGG_S001",228278,196981,0.14,15
"GACGTCGGAAATGGA_merged2_TTTCGC_S001",266026,225623,0.15,17
"GACGTCGGAGAGACT_merged2_TTTCGC_S001",221038,189049,0.14,13
"GACGTCGGAGGTAGT_merged2_ACCACT_S001",216069,181740,0.16,12
"GACGTCGGATATCCC_merged2_TTTCGC_S001",214391,182413,0.15,13
"GACGTCGGCAGAGGT_merged2_TTCTCC_S001",412028,344918,0.16,25
"GACGTCGGCCTACAG_merged2_TTCTCC_S001",265681,222155,0.16,15
"GACGTCGGCGGAGAC_merged2_CGGTGG_S001",296382,256847,0.13,19
"GACGTCGGCTGCATG_merged2_TTTCGC_S001",236880,200588,0.15,14
"GACGTCGGGACGGGG_merged2_AGGATG_S001",833315,675776,0.19,46
"GACGTCGGGCAGTAG_merged2_TTTCGC_S001",368801,313421,0.15,24
"GACGTCGGGGTCCCA_merged2_TTTCGC_S001",316759,270436,0.15,20
"GACGTCGGGTCGCAC_merged2_AGGATG_S001",932895,734319,0.21,45
"GACGTCGGGTTTCTC_merged2_TTTCGC_S001",171258,145171,0.15,10
"GACGTCGGTATAAGA_merged2_TTCTCC_S001",235117,197374,0.16,14
"GACGTCGGTCCATAG_merged2_AGGATG_S001",1605243,1291702,0.2,93
"GACGTCGGTCGGTTT_merged2_TTCTCC_S001",331242,276403,0.17,19
"GACGTCGGTGCTTAA_merged2_AGGATG_S001",636775,513432,0.19,36
"GACGTCGGTTCTATT_merged2_CGGTGG_S001",123548,106567,0.14,8
"GAGTCTTTAAATGGA_merged2_TTTCGC_S001",330111,278800,0.16,21
"GAGTCTTTAGAGACT_merged2_TTCTCC_S001",616893,514420,0.17,37
"GAGTCTTTATGGTCA_merged2_TTTCGC_S001",174362,148013,0.15,10
"GAGTCTTTCCGCTTA_merged2_TTCTCC_S001",297964,249028,0.16,18
"GAGTCTTTCCTACAG_merged2_CGGTGG_S001",255520,220254,0.14,17
"GAGTCTTTCGGAGAC_merged2_CGGTGG_S001",191933,165658,0.14,12
"GAGTCTTTCGGTCTT_merged2_AGGATG_S001",841294,679429,0.19,47
"GAGTCTTTCTGCATG_merged2_ACCACT_S001",385432,320716,0.17,22
"GAGTCTTTGACCTTC_merged2_CGGTGG_S001",273718,236254,0.14,18
"GAGTCTTTGACCTTC_merged2_TTCTCC_S001",250709,208162,0.17,14
"GAGTCTTTGCCACCT_merged2_TTTCGC_S001",216496,185421,0.14,14
"GAGTCTTTGGTAGGA_merged2_ACCACT_S001",456469,380197,0.17,27
"GAGTCTTTGTAATTT_merged2_AGGATG_S001",1340787,1080404,0.19,78
"GAGTCTTTGTGCCGC_merged2_ACCACT_S001",201054,168773,0.16,11
"GAGTCTTTGTTTCTC_merged2_TTCTCC_S001",373629,311223,0.17,22
"GAGTCTTTTAGTCTA_merged2_CGGTGG_S001",151702,130900,0.14,9
"GAGTCTTTTCACAGC_merged2_ACCACT_S001",207030,171962,0.17,12
"GAGTCTTTTCGAGTA_merged2_TTTCGC_S001",212907,181380,0.15,13
"GAGTCTTTTCGTATC_merged2_ACCACT_S001",586753,490643,0.16,37
"GATCCCGTCTGCATG_merged2_AGGATG_S001",1126015,909333,0.19,68
"GATCCCGTGTAAAGG_merged2_AGGATG_S001",521030,425101,0.18,30
"GATCCCGTGTCGCAC_merged2_AGGATG_S001",704744,568588,0.19,43
"GATCCCGTTGCTTAA_merged2_AGGATG_S001",476369,385355,0.19,28
"GATCCCGTTGGAATT_merged2_AGGATG_S001",953861,768112,0.19,57
"GGTCATATAAATGGA_merged2_TTCTCC_S001",314998,262153,0.17,18
"GGTCATATAGAACTA_merged2_ACCACT_S001",229365,192014,0.16,13
"GGTCATATAGAGACT_merged2_ACCACT_S001",208234,174249,0.16,12
"GGTCATATCGGTCTT_merged2_AGGATG_S001",865840,701527,0.19,51
"GGTCATATCTGCATG_merged2_AGGATG_S001",656710,532179,0.19,38
"GGTCATATCTGCATG_merged2_TTTCGC_S001",205555,175261,0.15,13
"GGTCATATGAGGCGA_merged2_AGGATG_S001",1005987,810843,0.19,59
"GGTCATATGCCACCT_merged2_TTTCGC_S001",160489,137467,0.14,10
"GGTCATATTATAAGA_merged2_AGGATG_S001",768062,623427,0.19,46
"GGTCATATTCGTATC_merged2_ACCACT_S001",377987,315835,0.16,23
"GGTCATATTGCTTAA_merged2_AGGATG_S001",2885211,2323156,0.19,178
"GGTCATATTGGAATT_merged2_ACCACT_S001",581987,486243,0.16,36
"GTCAGTAGACTCGCA_merged2_TTCTCC_S001",426653,354502,0.17,25
"GTCAGTAGCACTGTT_merged2_ACCACT_S001",231772,194619,0.16,13
"GTCAGTAGCACTGTT_merged2_TTCTCC_S001",172131,143811,0.16,9
"GTCAGTAGCGGAGAC_merged2_ACCACT_S001",229655,192475,0.16,12
"GTCAGTAGCGGTCTT_merged2_TTCTCC_S001",222292,185393,0.17,11
"GTCAGTAGGAGGCGA_merged2_AGGATG_S001",2490044,2002001,0.2,153
"GTCAGTAGGGCTTGG_merged2_TTTCGC_S001",117956,100596,0.15,7
"GTCAGTAGGGGTACA_merged2_ACCACT_S001",280592,236229,0.16,16
"GTCAGTAGTAGCCGG_merged2_AGGATG_S001",1499443,1204682,0.2,91
"GTCAGTAGTAGTCTA_merged2_AGGATG_S001",2547242,2047612,0.2,163
"GTCAGTAGTCGAGTA_merged2_ACCACT_S001",246887,206430,0.16,14
"GTCAGTAGTCGTATC_merged2_TTTCGC_S001",121249,103434,0.15,7
"GTCAGTAGTTCTATT_merged2_ACCACT_S001",431810,360719,0.16,26
"GTCAGTAGTTCTATT_merged2_CGGTGG_S001",116550,101218,0.13,7
"GTTACGCGAGTAGCC_merged2_TTCTCC_S001",173490,145029,0.16,9
"GTTACGCGCAAAACG_merged2_TTCTCC_S001",466127,389262,0.16,28
"GTTACGCGCAAGCTC_merged2_AGGATG_S001",1248973,1013745,0.19,76
"GTTACGCGCAGAGGT_merged2_AGGATG_S001",1127465,910782,0.19,68
"GTTACGCGCCTACAG_merged2_CGGTGG_S001",345057,300070,0.13,23
"GTTACGCGCGACTTG_merged2_CGGTGG_S001",288715,250442,0.13,19
"GTTACGCGCGGTCTT_merged2_ACCACT_S001",527208,439932,0.17,33
"GTTACGCGGACGGGG_merged2_CGGTGG_S001",137635,119438,0.13,8
"GTTACGCGGAGGCGA_merged2_TTCTCC_S001",618697,514230,0.17,38
"GTTACGCGGGTAGGA_merged2_TTCTCC_S001",1457138,1210674,0.17,93
"GTTACGCGGTGGGTT_merged2_TTTCGC_S001",167453,143163,0.15,9
"GTTACGCGTAGTCTA_merged2_TTTCGC_S001",158027,135463,0.14,9
"GTTACGCGTCACAGC_merged2_TTTCGC_S001",322700,275942,0.14,21
"GTTACGCGTCCATAG_merged2_AGGATG_S001",644944,524687,0.19,39
"GTTACGCGTCGGTTT_merged2_ACCACT_S001",479065,400668,0.16,28
"GTTACGCGTGATGCA_merged2_TTCTCC_S001",231177,192469,0.17,13
"GTTACGCGTGCGTCG_merged2_ACCACT_S001",213731,178371,0.17,10
"GTTACGCGTTACTTA_merged2_ACCACT_S001",181173,151343,0.16,10
"GTTACGCGTTACTTA_merged2_AGGATG_S001",2249260,1822041,0.19,140
"TACGATATACGTCGT_merged2_AGGATG_S001",258740,210250,0.19,14
"TACGATATACGTCGT_merged2_TTTCGC_S001",283366,242947,0.14,18
"TACGATATAGTAGCC_merged2_TTTCGC_S001",308174,264004,0.14,20
"TACGATATGAGGCGA_merged2_TTCTCC_S001",584348,484744,0.17,35
"TACGATATGTCGCAC_merged2_CGGTGG_S001",142245,123987,0.13,9
"TACGATATTCACAGC_merged2_TTCTCC_S001",222917,186416,0.16,12
"TACGATATTGCTTAA_merged2_TTCTCC_S001",170358,141740,0.17,9
"TCCTTGTGAGAGACT_merged2_AGGATG_S001",1370890,1103084,0.2,82
"TCCTTGTGAGAGACT_merged2_TTTCGC_S001",139722,119519,0.14,9
"TCCTTGTGCAAAACG_merged2_ACCACT_S001",529637,444172,0.16,34
"TCCTTGTGCTGCATG_merged2_ACCACT_S001",863142,719268,0.17,56
"TCCTTGTGGGCTTGG_merged2_CGGTGG_S001",159781,138337,0.13,10
"TCCTTGTGTCGAGTA_merged2_ACCACT_S001",292584,244854,0.16,18
"TCCTTGTGTCGAGTA_merged2_TTTCGC_S001",328776,281277,0.14,21
"TCCTTGTGTCGTATC_merged2_TTTCGC_S001",150521,128475,0.15,9
"TCCTTGTGTGCTTAA_merged2_TTCTCC_S001",514746,428191,0.17,32
"TCCTTGTGTTAACCG_merged2_TTCTCC_S001",230124,191739,0.17,12
"TCGCGTTTAGAGACT_merged2_AGGATG_S001",2605318,2101935,0.19,161
"TCGCGTTTCGACTTG_merged2_ACCACT_S001",153110,128089,0.16,8
"TCGCGTTTCGGTCTT_merged2_TTCTCC_S001",182860,153204,0.16,10
"TCGCGTTTTATAAGA_merged2_TTCTCC_S001",215605,180416,0.16,12
"TCGCGTTTTGCACCG_merged2_ACCACT_S001",122610,102791,0.16,7
"TCGCGTTTTGCACCG_merged2_CGGTGG_S001",125736,109167,0.13,8
"TCGCGTTTTTACTTA_merged2_AGGATG_S001",2277039,1837751,0.19,136
"TCGGCCTAACGTCGT_merged2_CGGTGG_S001",187118,162008,0.13,12
"TCGGCCTAACTGCAT_merged2_ACCACT_S001",372285,310563,0.17,22
"TCGGCCTAAGAACTA_merged2_TTTCGC_S001",158065,134918,0.15,10
"TCGGCCTAATGGTCA_merged2_ACCACT_S001",238923,200167,0.16,13
"TCGGCCTACACTGTT_merged2_AGGATG_S001",2095228,1692983,0.19,127
"TCGGCCTACCTACAG_merged2_TTCTCC_S001",415856,347909,0.16,25
"TCGGCCTACGACTTG_merged2_TTCTCC_S001",172810,144996,0.16,10
"TCGGCCTACTGCATG_merged2_CGGTGG_S001",182020,157729,0.13,12
"TCGGCCTAGCAGTAG_merged2_TTTCGC_S001",135738,116479,0.14,8
"TCGGCCTAGCCTATA_merged2_CGGTGG_S001",154241,133417,0.14,9
"TCGGCCTAGGGTACA_merged2_ACCACT_S001",184706,155430,0.16,10
"TCGGCCTATATGTTG_merged2_ACCACT_S001",409106,343292,0.16,26
"TCTTAGTGACTCGCA_merged2_TTTCGC_S001",124832,106366,0.15,7
"TCTTAGTGAGAACTA_merged2_CGGTGG_S001",123246,106533,0.14,7
"TCTTAGTGAGAGACT_merged2_TTCTCC_S001",344664,287534,0.17,20
"TCTTAGTGATATCCC_merged2_ACCACT_S001",523164,436446,0.17,32
"TCTTAGTGCAAAACG_merged2_AGGATG_S001",501807,409897,0.18,30
"TCTTAGTGCAAAACG_merged2_TTTCGC_S001",429274,365714,0.15,26
"TCTTAGTGCCATCCA_merged2_ACCACT_S001",596516,495883,0.17,35
"TCTTAGTGGCAGGTC_merged2_ACCACT_S001",223569,186908,0.16,11
"TCTTAGTGGCCACCT_merged2_ACCACT_S001",367622,308397,0.16,22
"TCTTAGTGGGCTTGG_merged2_TTCTCC_S001",242103,202505,0.16,15
"TCTTAGTGGGGCGAG_merged2_TTTCGC_S001",234035,198663,0.15,15
"TCTTAGTGGTGCCGC_merged2_TTCTCC_S001",380701,318229,0.16,23
"TCTTAGTGGTTTCTC_merged2_CGGTGG_S001",196313,169607,0.14,12
"TCTTAGTGTCCATAG_merged2_TTTCGC_S001",174449,149076,0.15,11
"TCTTAGTGTGATGCA_merged2_TTTCGC_S001",348815,296961,0.15,22
"TCTTAGTGTGCACCG_merged2_CGGTGG_S001",136364,118188,0.13,8
"TCTTAGTGTGCACCG_merged2_TTCTCC_S001",234984,196143,0.17,12
"TCTTAGTGTGCTTAA_merged2_AGGATG_S001",1525682,1229747,0.19,93
"TGATATTGATATCCC_merged2_AGGATG_S001",1383152,1123446,0.19,86
"TGATATTGCAAGCTC_merged2_AGGATG_S001",875813,711788,0.19,52
"TGATATTGCGGAGAC_merged2_TTCTCC_S001",208416,173289,0.17,11
"TGATATTGGACCTTC_merged2_AGGATG_S001",2354833,1908913,0.19,139
"TGATATTGGGGCGAG_merged2_ACCACT_S001",475590,394444,0.17,31
"TGATATTGGGTAGGA_merged2_AGGATG_S001",569603,458263,0.2,33
"TGATATTGGTCGCAC_merged2_AGGATG_S001",1219077,991113,0.19,75
"TGATATTGGTGGGTT_merged2_AGGATG_S001",233668,188703,0.19,14
"TGATATTGTAGCCGG_merged2_AGGATG_S001",2823757,2274284,0.19,177
"TGATATTGTCCAAGT_merged2_ACCACT_S001",340778,283966,0.17,19
"TGATATTGTCGAGTA_merged2_AGGATG_S001",1579920,1275860,0.19,97
"TGATATTGTCGTATC_merged2_AGGATG_S001",687087,557783,0.19,41
"TTTGACTCAAATGGA_merged2_CGGTGG_S001",277055,239122,0.14,18
"TTTGACTCACGTCGT_merged2_AGGATG_S001",623454,505854,0.19,36
"TTTGACTCCAAGCTC_merged2_AGGATG_S001",684127,556812,0.19,34
"TTTGACTCCCATCCA_merged2_AGGATG_S001",711602,577223,0.19,38
"TTTGACTCCGGAGAC_merged2_CGGTGG_S001",166143,143265,0.14,11
"TTTGACTCCTGCATG_merged2_TTTCGC_S001",140354,119715,0.15,8
"TTTGACTCGACGGGG_merged2_TTTCGC_S001",268594,228451,0.15,17
"TTTGACTCGCAGTAG_merged2_ACCACT_S001",532848,444515,0.17,33
"TTTGACTCGGCCAAA_merged2_ACCACT_S001",465855,389861,0.16,27
"TTTGACTCGGGCGAG_merged2_AGGATG_S001",590067,475785,0.19,33
"TTTGACTCGGTAGGA_merged2_ACCACT_S001",559107,466523,0.17,32
"TTTGACTCGGTCCCA_merged2_ACCACT_S001",706528,590481,0.16,44
"TTTGACTCGTGGGTT_merged2_AGGATG_S001",1789459,1447074,0.19,108
"TTTGACTCTAGCCGG_merged2_ACCACT_S001",294690,247337,0.16,17
"TTTGACTCTCGGTTT_merged2_CGGTGG_S001",121528,105381,0.13,7
"TTTGACTCTCGTATC_merged2_TTCTCC_S001",544635,453280,0.17,32
"TTTGACTCTGCGTCG_merged2_CGGTGG_S001",392435,340803,0.13,26
"TTTGACTCTGCGTCG_merged2_TTCTCC_S001",222998,186336,0.16,12
